insert into provinces(id, name) values (1, 'Ha Noi City');
insert into districts(id, province_id, name) values (1, 1, 'Hoan Kiem');
insert into addresses(id, district_id, address, date_created) values (1, 1, '21 Ha Long Street', '2017-08-26 12:55:42');
insert into addresses(id, district_id, address, date_created) values (2, 1, '45 Long Bien Street', '2017-08-26 12:55:42');
insert into addresses(id, district_id, address, date_created) values (3, 1, '37 Lac Long Quan Street', '2017-08-26 12:55:42');
insert into districts(id, province_id, name) values (2, 1, 'Ba Dinh');
insert into addresses(id, district_id, address, date_created) values (4, 2, '45 Long Bien Street', '2017-08-26 12:55:42');
insert into addresses(id, district_id, address, date_created) values (5, 2, '37 Lac Long Quan Street', '2017-08-26 12:55:42');
insert into addresses(id, district_id, address, date_created) values (6, 2, '11 Le Hong Phong Street', '2017-08-26 12:55:42');
insert into districts(id, province_id, name) values (3, 1, 'Dong Da');
insert into addresses(id, district_id, address, date_created) values (7, 3, '45 Long Bien Street', '2017-08-26 12:55:42');
insert into addresses(id, district_id, address, date_created) values (8, 3, '37 Lac Long Quan Street', '2017-08-26 12:55:42');
insert into addresses(id, district_id, address, date_created) values (9, 3, '11 Le Hong Phong Street', '2017-08-26 12:55:42');
insert into districts(id, province_id, name) values (4, 1, 'Hai Ba Trung');
insert into addresses(id, district_id, address, date_created) values (10, 4, '21 Ha Long Street', '2017-08-26 12:55:42');
insert into addresses(id, district_id, address, date_created) values (11, 4, '37 Hoang Cau Street', '2017-08-26 12:55:42');
insert into addresses(id, district_id, address, date_created) values (12, 4, '37 Lac Long Quan Street', '2017-08-26 12:55:42');
insert into provinces(id, name) values (2, 'Ho Chi Minh City');
insert into districts(id, province_id, name) values (5, 2, 'Quan 1');
insert into addresses(id, district_id, address, date_created) values (13, 5, '45 Long Bien Street', '2017-08-26 12:55:42');
insert into addresses(id, district_id, address, date_created) values (14, 5, '37 Lac Long Quan Street', '2017-08-26 12:55:42');
insert into addresses(id, district_id, address, date_created) values (15, 5, '11 Le Hong Phong Street', '2017-08-26 12:55:42');
insert into districts(id, province_id, name) values (6, 2, 'Quan 2');
insert into addresses(id, district_id, address, date_created) values (16, 6, '21 Ha Long Street', '2017-08-26 12:55:42');
insert into addresses(id, district_id, address, date_created) values (17, 6, '45 Long Bien Street', '2017-08-26 12:55:42');
insert into addresses(id, district_id, address, date_created) values (18, 6, '37 Hoang Cau Street', '2017-08-26 12:55:42');
insert into districts(id, province_id, name) values (7, 2, 'Quan 3');
insert into addresses(id, district_id, address, date_created) values (19, 7, '45 Long Bien Street', '2017-08-26 12:55:42');
insert into addresses(id, district_id, address, date_created) values (20, 7, '37 Hoang Cau Street', '2017-08-26 12:55:42');
insert into addresses(id, district_id, address, date_created) values (21, 7, '11 Le Hong Phong Street', '2017-08-26 12:55:42');
insert into districts(id, province_id, name) values (8, 2, 'Quan 4');
insert into addresses(id, district_id, address, date_created) values (22, 8, '21 Ha Long Street', '2017-08-26 12:55:42');
insert into addresses(id, district_id, address, date_created) values (23, 8, '45 Long Bien Street', '2017-08-26 12:55:42');
insert into addresses(id, district_id, address, date_created) values (24, 8, '11 Le Hong Phong Street', '2017-08-26 12:55:42');
insert into provinces(id, name) values (3, 'Da Nang City');
insert into districts(id, province_id, name) values (9, 3, 'Quan 1');
insert into addresses(id, district_id, address, date_created) values (25, 9, '21 Ha Long Street', '2017-08-26 12:55:42');
insert into addresses(id, district_id, address, date_created) values (26, 9, '37 Hoang Cau Street', '2017-08-26 12:55:42');
insert into addresses(id, district_id, address, date_created) values (27, 9, '11 Le Hong Phong Street', '2017-08-26 12:55:42');
insert into districts(id, province_id, name) values (10, 3, 'Quan 2');
insert into addresses(id, district_id, address, date_created) values (28, 10, '45 Long Bien Street', '2017-08-26 12:55:42');
insert into addresses(id, district_id, address, date_created) values (29, 10, '37 Lac Long Quan Street', '2017-08-26 12:55:42');
insert into addresses(id, district_id, address, date_created) values (30, 10, '11 Le Hong Phong Street', '2017-08-26 12:55:42');
insert into districts(id, province_id, name) values (11, 3, 'Quan 3');
insert into addresses(id, district_id, address, date_created) values (31, 11, '45 Long Bien Street', '2017-08-26 12:55:42');
insert into addresses(id, district_id, address, date_created) values (32, 11, '37 Lac Long Quan Street', '2017-08-26 12:55:42');
insert into addresses(id, district_id, address, date_created) values (33, 11, '11 Le Hong Phong Street', '2017-08-26 12:55:42');
insert into districts(id, province_id, name) values (12, 3, 'Quan 4');
insert into addresses(id, district_id, address, date_created) values (34, 12, '45 Long Bien Street', '2017-08-26 12:55:42');
insert into addresses(id, district_id, address, date_created) values (35, 12, '37 Lac Long Quan Street', '2017-08-26 12:55:42');
insert into addresses(id, district_id, address, date_created) values (36, 12, '11 Le Hong Phong Street', '2017-08-26 12:55:42');
