insert into users(id, email, password, name, phone, role, status, token, date_created, address_id) values (1, 'admin@gmail.com', '$2y$10$LeH2M9RLE8L82HREDYkPeuJTQUm3ZKq5daRY.rYCdwWVDDUA8EB.u', 'admin','0912593240', 1, 1, null, '2016-06-06', 1);
insert into users(id, email, password, name, phone, role, status, token, date_created, address_id) values (2, 'admin1@gmail.com', '$2y$10$LeH2M9RLE8L82HREDYkPeuJTQUm3ZKq5daRY.rYCdwWVDDUA8EB.u', 'admin1','0912593240', 1, 1, null, '2016-06-06', 2);
insert into users(id, email, password, name, phone, role, status, token, date_created, address_id) values (3, 'truong@gmail.com', '$2y$10$LeH2M9RLE8L82HREDYkPeuJTQUm3ZKq5daRY.rYCdwWVDDUA8EB.u', 'truong','0912593240', 0, 1, null, '2016-06-06', 3);
insert into users(id, email, password, name, phone, role, status, token, date_created, address_id) values (4, 'duc@gmail.com', '$2y$10$LeH2M9RLE8L82HREDYkPeuJTQUm3ZKq5daRY.rYCdwWVDDUA8EB.u', 'duc','0912593240', 0, 1, null, '2016-06-06', 4);
insert into users(id, email, password, name, phone, role, status, token, date_created, address_id) values (5, 'long@gmail.com', '$2y$10$LeH2M9RLE8L82HREDYkPeuJTQUm3ZKq5daRY.rYCdwWVDDUA8EB.u', 'long','0912593240', 0, 1, null, '2016-06-06', 5);
insert into users(id, email, password, name, phone, role, status, token, date_created, address_id) values (6, 'ninh@gmail.com', '$2y$10$LeH2M9RLE8L82HREDYkPeuJTQUm3ZKq5daRY.rYCdwWVDDUA8EB.u', 'ninh','0912593240', 0, 1, null, '2016-06-06', 6);
insert into users(id, email, password, name, phone, role, status, token, date_created, address_id) values (7, 'test@gmail.com', '$2y$10$LeH2M9RLE8L82HREDYkPeuJTQUm3ZKq5daRY.rYCdwWVDDUA8EB.u', 'test','0912593240', 0, 1, null, '2016-06-06', 7);
insert into categories (id,name,alias,description,parent_id,date_created) values (1,'Man','man','Man',null,'2017-08-16');
insert into categories (id,name,alias,description,parent_id,date_created) values (2,'Jackets Man','jackets-man','Jackets Man',1,'2017-08-16');
insert into categories (id,name,alias,description,parent_id,date_created) values (3,'Jackets Man 1','jackets-man-1','Jackets Man 1',2,'2017-08-16');
insert into categories (id,name,alias,description,parent_id,date_created) values (4,'Jackets Man 2','jackets-man-2','Jackets Man 2',2,'2017-08-16');
insert into categories (id,name,alias,description,parent_id,date_created) values (5,'Jackets Man 3','jackets-man-3','Jackets Man 3',2,'2017-08-16');
insert into categories (id,name,alias,description,parent_id,date_created) values (6,'Jean Man','jean-man','Jean Man',1,'2017-08-16');
insert into categories (id,name,alias,description,parent_id,date_created) values (7,'Jean Man 1','jean-man-1','Jean Man 1',6,'2017-08-16');
insert into categories (id,name,alias,description,parent_id,date_created) values (8,'Jean Man 2','jean-man-2','Jean Man 2',6,'2017-08-16');
insert into categories (id,name,alias,description,parent_id,date_created) values (9,'Jean Man 3','jean-man-3','Jean Man 3',6,'2017-08-16');
insert into categories (id,name,alias,description,parent_id,date_created) values (10,'Suit Man','suit-man','Suit Man',1,'2017-08-16');
insert into categories (id,name,alias,description,parent_id,date_created) values (11,'Suit Man 1','suit-man-1','Suit Man 1',10,'2017-08-16');
insert into categories (id,name,alias,description,parent_id,date_created) values (12,'Suit Man 2','suit-man-2','Suit Man 2',10,'2017-08-16');
insert into categories (id,name,alias,description,parent_id,date_created) values (13,'Suit Man 3','suit-man-3','Suit Man 3',10,'2017-08-16');
insert into categories (id,name,alias,description,parent_id,date_created) values (14,'Woman','woman','Woman',null,'2017-08-16');
insert into categories (id,name,alias,description,parent_id,date_created) values (15,'Jackets Woman','jackets-woman','Jackets Woman',14,'2017-08-16');
insert into categories (id,name,alias,description,parent_id,date_created) values (16,'Jackets Woman 1','jackets-woman-1','Jackets Woman 1',15,'2017-08-16');
insert into categories (id,name,alias,description,parent_id,date_created) values (17,'Jackets Woman 2','jackets-woman-2','Jackets Woman 2',15,'2017-08-16');
insert into categories (id,name,alias,description,parent_id,date_created) values (18,'Jackets Woman 3','jackets-woman-3','Jackets Woman 3',15,'2017-08-16');
insert into categories (id,name,alias,description,parent_id,date_created) values (19,'Jean Woman','jean-woman','Jean Woman',14,'2017-08-16');
insert into categories (id,name,alias,description,parent_id,date_created) values (20,'Jean Woman 1','jean-woman-1','Jean Woman 1',19,'2017-08-16');
insert into categories (id,name,alias,description,parent_id,date_created) values (21,'Jean Woman 2','jean-woman-2','Jean Woman 2',19,'2017-08-16');
insert into categories (id,name,alias,description,parent_id,date_created) values (22,'Jean Woman 3','jean-woman-3','Jean Woman 3',19,'2017-08-16');
insert into categories (id,name,alias,description,parent_id,date_created) values (23,'Suit Woman','suit-woman','Suit Woman',14,'2017-08-16');
insert into categories (id,name,alias,description,parent_id,date_created) values (24,'Suit Woman 1','suit-woman-1','Suit Woman 1',23,'2017-08-16');
insert into categories (id,name,alias,description,parent_id,date_created) values (25,'Suit Woman 2','suit-woman-2','Suit Woman 2',23,'2017-08-16');
insert into categories (id,name,alias,description,parent_id,date_created) values (26,'Suit Woman 3','suit-woman-3','Suit Woman 3',23,'2017-08-16');
insert into products (id,name,alias,price,intro,description,status,rate_sum,category_id,date_created,image,views,current_price) values (1,'Vinyl Jacker','vinyl-jacker',200,'Straight fit, vinyl jacket with laminated effect. Features a classic collar and contrasting snap buttons for fastening','Straight fit, vinyl jacket with laminated effect. Features a classic collar and contrasting snap buttons for fastening',1,0,6,'2014-07-02 13:59:35','/img/products/image_10.jpg',33,200);
insert into products (id,name,alias,price,intro,description,status,rate_sum,category_id,date_created,image,views,current_price) values (2,'CHESTER COAT','chester-coat',340,'Straight fit, vinyl jacket with laminated effect. Features a classic collar and contrasting snap buttons for fastening','Straight fit, vinyl jacket with laminated effect. Features a classic collar and contrasting snap buttons for fastening',1,0,7,'2016-11-28 01:48:16','/img/products/image_20.jpg',23,340);
insert into products (id,name,alias,price,intro,description,status,rate_sum,category_id,date_created,image,views,current_price) values (3,'BIKER JACKET','biker-jacket',530,'Straight fit, vinyl jacket with laminated effect. Features a classic collar and contrasting snap buttons for fastening','Straight fit, vinyl jacket with laminated effect. Features a classic collar and contrasting snap buttons for fastening',1,0,8,'2016-11-12 04:58:57','/img/products/image_30.jpg',44,530);
insert into products (id,name,alias,price,intro,description,status,rate_sum,category_id,date_created,image,views,current_price) values (4,'Fashion Suit','fashion-suit',120,'Straight fit, vinyl jacket with laminated effect. Features a classic collar and contrasting snap buttons for fastening','Straight fit, vinyl jacket with laminated effect. Features a classic collar and contrasting snap buttons for fastening',1,0,9,'2014-11-04 21:31:02','/img/products/image_40.jpg',55,120);
insert into products (id,name,alias,price,intro,description,status,rate_sum,category_id,date_created,image,views,current_price) values (5,'Fashion Shirt','fashion-shirt',890,'Straight fit, vinyl jacket with laminated effect. Features a classic collar and contrasting snap buttons for fastening','Straight fit, vinyl jacket with laminated effect. Features a classic collar and contrasting snap buttons for fastening',1,0,17,'2015-08-31 07:16:10','/img/products/image_50.jpg',36,890);
insert into products (id,name,alias,price,intro,description,status,rate_sum,category_id,date_created,image,views,current_price) values (6,'DRESS WITH RUFFLE','dress-with-ruffle',110,'Straight fit, vinyl jacket with laminated effect. Features a classic collar and contrasting snap buttons for fastening','Straight fit, vinyl jacket with laminated effect. Features a classic collar and contrasting snap buttons for fastening',1,0,18,'2015-02-28 21:38:35','/img/products/image_60.jpg',332,110);
insert into products (id,name,alias,price,intro,description,status,rate_sum,category_id,date_created,image,views,current_price) values (7,'Vinyl Jacker 1','vinyl-jacker-1',200,'Straight fit, vinyl jacket with laminated effect. Features a classic collar and contrasting snap buttons for fastening','Straight fit, vinyl jacket with laminated effect. Features a classic collar and contrasting snap buttons for fastening',1,0,8,'2015-06-12 19:11:12','/img/products/image_70.jpg',100,200);
insert into products (id,name,alias,price,intro,description,status,rate_sum,category_id,date_created,image,views,current_price) values (8,'CHESTER COAT 1','chester-coat-1',340,'Straight fit, vinyl jacket with laminated effect. Features a classic collar and contrasting snap buttons for fastening','Straight fit, vinyl jacket with laminated effect. Features a classic collar and contrasting snap buttons for fastening',1,0,6,'2015-11-07 19:33:45','/img/products/image_80.jpg',334,340);
insert into products (id,name,alias,price,intro,description,status,rate_sum,category_id,date_created,image,views,current_price) values (9,'BIKER JACKET 1','biker-jacket-1',530,'Straight fit, vinyl jacket with laminated effect. Features a classic collar and contrasting snap buttons for fastening','Straight fit, vinyl jacket with laminated effect. Features a classic collar and contrasting snap buttons for fastening',1,0,7,'2015-02-23 22:41:12','/img/products/image_90.jpg',111,530);
insert into products (id,name,alias,price,intro,description,status,rate_sum,category_id,date_created,image,views,current_price) values (10,'Fashion Suit 1','fashion-suit-1',120,'Straight fit, vinyl jacket with laminated effect. Features a classic collar and contrasting snap buttons for fastening','Straight fit, vinyl jacket with laminated effect. Features a classic collar and contrasting snap buttons for fastening',1,0,10,'2017-06-16 01:19:17','/img/products/image_100.jpg',22,120);
insert into products (id,name,alias,price,intro,description,status,rate_sum,category_id,date_created,image,views,current_price) values (11,'Fashion Shirt 1','fashion-shirt-1',890,'Straight fit, vinyl jacket with laminated effect. Features a classic collar and contrasting snap buttons for fastening','Straight fit, vinyl jacket with laminated effect. Features a classic collar and contrasting snap buttons for fastening',1,0,19,'2015-01-27 23:32:42','/img/products/image_110.jpg',33,890);
insert into products (id,name,alias,price,intro,description,status,rate_sum,category_id,date_created,image,views,current_price) values (12,'DRESS WITH RUFFLE 1','dress-with-ruffle-1',110,'Straight fit, vinyl jacket with laminated effect. Features a classic collar and contrasting snap buttons for fastening','Straight fit, vinyl jacket with laminated effect. Features a classic collar and contrasting snap buttons for fastening',1,0,20,'2016-02-27 04:40:18','/img/products/image_120.jpg',23,110);
insert into products (id,name,alias,price,intro,description,status,rate_sum,category_id,date_created,image,views,current_price) values (13,'Vinyl Jacker 2','vinyl-jacker-2',200,'Straight fit, vinyl jacket with laminated effect. Features a classic collar and contrasting snap buttons for fastening','Straight fit, vinyl jacket with laminated effect. Features a classic collar and contrasting snap buttons for fastening',1,0,7,'2015-12-02 14:57:15','/img/products/image_130.jpg',44,200);
insert into products (id,name,alias,price,intro,description,status,rate_sum,category_id,date_created,image,views,current_price) values (14,'CHESTER COAT 2','chester-coat-2',340,'Straight fit, vinyl jacket with laminated effect. Features a classic collar and contrasting snap buttons for fastening','Straight fit, vinyl jacket with laminated effect. Features a classic collar and contrasting snap buttons for fastening',1,0,9,'2016-02-29 04:25:08','/img/products/image_140.jpg',55,340);
insert into products (id,name,alias,price,intro,description,status,rate_sum,category_id,date_created,image,views,current_price) values (15,'BIKER JACKET 2','biker-jacket-2',530,'Straight fit, vinyl jacket with laminated effect. Features a classic collar and contrasting snap buttons for fastening','Straight fit, vinyl jacket with laminated effect. Features a classic collar and contrasting snap buttons for fastening',1,0,6,'2015-05-23 06:23:45','/img/products/image_150.jpg',36,530);
insert into products (id,name,alias,price,intro,description,status,rate_sum,category_id,date_created,image,views,current_price) values (16,'Fashion Suit 2','fashion-suit-2',120,'Straight fit, vinyl jacket with laminated effect. Features a classic collar and contrasting snap buttons for fastening','Straight fit, vinyl jacket with laminated effect. Features a classic collar and contrasting snap buttons for fastening',1,0,8,'2016-12-27 07:20:20','/img/products/image_160.jpg',332,120);
insert into products (id,name,alias,price,intro,description,status,rate_sum,category_id,date_created,image,views,current_price) values (17,'Fashion Shirt 2','fashion-shirt-2',890,'Straight fit, vinyl jacket with laminated effect. Features a classic collar and contrasting snap buttons for fastening','Straight fit, vinyl jacket with laminated effect. Features a classic collar and contrasting snap buttons for fastening',1,0,21,'2015-01-05 03:01:30','/img/products/image_170.jpg',100,890);
insert into products (id,name,alias,price,intro,description,status,rate_sum,category_id,date_created,image,views,current_price) values (18,'DRESS WITH RUFFLE 2','dress-with-ruffle-2',110,'Straight fit, vinyl jacket with laminated effect. Features a classic collar and contrasting snap buttons for fastening','Straight fit, vinyl jacket with laminated effect. Features a classic collar and contrasting snap buttons for fastening',1,0,22,'2016-11-21 10:53:35','/img/products/image_180.jpg',334,110);
insert into product_color_images(id,product_id,color_id,date_created) values (1,1,0,'2017-03-10 03:39:49');
insert into images(id,image,status,type,product_color_image_id,date_created) values (1,'/img/products/image_10.jpg',1,1,1,'2017-03-10 03:39:49');
insert into images(id,image,status,type,product_color_image_id,date_created) values (2,'/img/products/image_10_1.jpg',1,2,1,'2017-03-10 03:39:49');
insert into images(id,image,status,type,product_color_image_id,date_created) values (3,'/img/products/image_10_2.jpg',1,2,1,'2017-03-10 03:39:49');
insert into product_masters(id,product_id,color_id,size_id) values (1,1,0,1);
insert into product_masters(id,product_id,color_id,size_id) values (2,1,0,2);
insert into product_masters(id,product_id,color_id,size_id) values (3,1,0,3);
insert into product_masters(id,product_id,color_id,size_id) values (4,1,0,4);
insert into product_masters(id,product_id,color_id,size_id) values (5,1,0,5);
insert into product_color_images(id,product_id,color_id,date_created) values (2,2,1,'2016-03-01 09:22:08');
insert into images(id,image,status,type,product_color_image_id,date_created) values (4,'/img/products/image_20.jpg',1,1,2,'2016-03-01 09:22:08');
insert into images(id,image,status,type,product_color_image_id,date_created) values (5,'/img/products/image_20_1.jpg',1,2,2,'2016-03-01 09:22:08');
insert into images(id,image,status,type,product_color_image_id,date_created) values (6,'/img/products/image_20_2.jpg',1,2,2,'2016-03-01 09:22:08');
insert into product_masters(id,product_id,color_id,size_id) values (6,2,1,1);
insert into product_masters(id,product_id,color_id,size_id) values (7,2,1,2);
insert into product_masters(id,product_id,color_id,size_id) values (8,2,1,3);
insert into product_masters(id,product_id,color_id,size_id) values (9,2,1,4);
insert into product_masters(id,product_id,color_id,size_id) values (10,2,1,5);
insert into product_color_images(id,product_id,color_id,date_created) values (3,3,1,'2016-07-02 14:53:09');
insert into images(id,image,status,type,product_color_image_id,date_created) values (7,'/img/products/image_30.jpg',1,1,3,'2016-07-02 14:53:09');
insert into images(id,image,status,type,product_color_image_id,date_created) values (8,'/img/products/image_30_1.jpg',1,2,3,'2016-07-02 14:53:09');
insert into images(id,image,status,type,product_color_image_id,date_created) values (9,'/img/products/image_30_2.jpg',1,2,3,'2016-07-02 14:53:09');
insert into product_masters(id,product_id,color_id,size_id) values (11,3,1,1);
insert into product_masters(id,product_id,color_id,size_id) values (12,3,1,2);
insert into product_masters(id,product_id,color_id,size_id) values (13,3,1,3);
insert into product_masters(id,product_id,color_id,size_id) values (14,3,1,4);
insert into product_masters(id,product_id,color_id,size_id) values (15,3,1,5);
insert into product_color_images(id,product_id,color_id,date_created) values (4,3,4,'2016-08-03 23:24:00');
insert into images(id,image,status,type,product_color_image_id,date_created) values (10,'/img/products/image_31.jpg',1,1,4,'2016-08-03 23:24:00');
insert into images(id,image,status,type,product_color_image_id,date_created) values (11,'/img/products/image_31_1.jpg',1,2,4,'2016-08-03 23:24:00');
insert into images(id,image,status,type,product_color_image_id,date_created) values (12,'/img/products/image_31_2.jpg',1,2,4,'2016-08-03 23:24:00');
insert into product_masters(id,product_id,color_id,size_id) values (16,3,4,1);
insert into product_masters(id,product_id,color_id,size_id) values (17,3,4,2);
insert into product_masters(id,product_id,color_id,size_id) values (18,3,4,3);
insert into product_masters(id,product_id,color_id,size_id) values (19,3,4,4);
insert into product_masters(id,product_id,color_id,size_id) values (20,3,4,5);
insert into product_color_images(id,product_id,color_id,date_created) values (5,4,0,'2016-09-06 10:39:48');
insert into images(id,image,status,type,product_color_image_id,date_created) values (13,'/img/products/image_40.jpg',1,1,5,'2016-09-06 10:39:48');
insert into images(id,image,status,type,product_color_image_id,date_created) values (14,'/img/products/image_40_1.jpg',1,2,5,'2016-09-06 10:39:48');
insert into images(id,image,status,type,product_color_image_id,date_created) values (15,'/img/products/image_40_2.jpg',1,2,5,'2016-09-06 10:39:48');
insert into product_masters(id,product_id,color_id,size_id) values (21,4,0,1);
insert into product_masters(id,product_id,color_id,size_id) values (22,4,0,2);
insert into product_masters(id,product_id,color_id,size_id) values (23,4,0,3);
insert into product_masters(id,product_id,color_id,size_id) values (24,4,0,4);
insert into product_masters(id,product_id,color_id,size_id) values (25,4,0,5);
insert into product_color_images(id,product_id,color_id,date_created) values (6,4,4,'2016-01-07 01:25:45');
insert into images(id,image,status,type,product_color_image_id,date_created) values (16,'/img/products/image_41.jpg',1,1,6,'2016-01-07 01:25:45');
insert into images(id,image,status,type,product_color_image_id,date_created) values (17,'/img/products/image_41_1.jpg',1,2,6,'2016-01-07 01:25:45');
insert into images(id,image,status,type,product_color_image_id,date_created) values (18,'/img/products/image_41_2.jpg',1,2,6,'2016-01-07 01:25:45');
insert into product_masters(id,product_id,color_id,size_id) values (26,4,4,1);
insert into product_masters(id,product_id,color_id,size_id) values (27,4,4,2);
insert into product_masters(id,product_id,color_id,size_id) values (28,4,4,3);
insert into product_masters(id,product_id,color_id,size_id) values (29,4,4,4);
insert into product_masters(id,product_id,color_id,size_id) values (30,4,4,5);
insert into product_color_images(id,product_id,color_id,date_created) values (7,4,5,'2016-12-17 10:09:26');
insert into images(id,image,status,type,product_color_image_id,date_created) values (19,'/img/products/image_42.jpg',1,1,7,'2016-12-17 10:09:26');
insert into images(id,image,status,type,product_color_image_id,date_created) values (20,'/img/products/image_42_1.jpg',1,2,7,'2016-12-17 10:09:26');
insert into images(id,image,status,type,product_color_image_id,date_created) values (21,'/img/products/image_42_2.jpg',1,2,7,'2016-12-17 10:09:26');
insert into product_masters(id,product_id,color_id,size_id) values (31,4,5,1);
insert into product_masters(id,product_id,color_id,size_id) values (32,4,5,2);
insert into product_masters(id,product_id,color_id,size_id) values (33,4,5,3);
insert into product_masters(id,product_id,color_id,size_id) values (34,4,5,4);
insert into product_masters(id,product_id,color_id,size_id) values (35,4,5,5);
insert into product_color_images(id,product_id,color_id,date_created) values (8,5,0,'2016-09-07 18:21:48');
insert into images(id,image,status,type,product_color_image_id,date_created) values (22,'/img/products/image_50.jpg',1,1,8,'2016-09-07 18:21:48');
insert into images(id,image,status,type,product_color_image_id,date_created) values (23,'/img/products/image_50_1.jpg',1,2,8,'2016-09-07 18:21:48');
insert into images(id,image,status,type,product_color_image_id,date_created) values (24,'/img/products/image_50_2.jpg',1,2,8,'2016-09-07 18:21:48');
insert into product_masters(id,product_id,color_id,size_id) values (36,5,0,1);
insert into product_masters(id,product_id,color_id,size_id) values (37,5,0,2);
insert into product_masters(id,product_id,color_id,size_id) values (38,5,0,3);
insert into product_masters(id,product_id,color_id,size_id) values (39,5,0,4);
insert into product_masters(id,product_id,color_id,size_id) values (40,5,0,5);
insert into product_color_images(id,product_id,color_id,date_created) values (9,5,3,'2017-01-10 00:59:15');
insert into images(id,image,status,type,product_color_image_id,date_created) values (25,'/img/products/image_51.jpg',1,1,9,'2017-01-10 00:59:15');
insert into images(id,image,status,type,product_color_image_id,date_created) values (26,'/img/products/image_51_1.jpg',1,2,9,'2017-01-10 00:59:15');
insert into images(id,image,status,type,product_color_image_id,date_created) values (27,'/img/products/image_51_2.jpg',1,2,9,'2017-01-10 00:59:15');
insert into product_masters(id,product_id,color_id,size_id) values (41,5,3,1);
insert into product_masters(id,product_id,color_id,size_id) values (42,5,3,2);
insert into product_masters(id,product_id,color_id,size_id) values (43,5,3,3);
insert into product_masters(id,product_id,color_id,size_id) values (44,5,3,4);
insert into product_masters(id,product_id,color_id,size_id) values (45,5,3,5);
insert into product_color_images(id,product_id,color_id,date_created) values (10,6,5,'2016-01-27 09:16:35');
insert into images(id,image,status,type,product_color_image_id,date_created) values (28,'/img/products/image_60.jpg',1,1,10,'2016-01-27 09:16:35');
insert into images(id,image,status,type,product_color_image_id,date_created) values (29,'/img/products/image_60_1.jpg',1,2,10,'2016-01-27 09:16:35');
insert into images(id,image,status,type,product_color_image_id,date_created) values (30,'/img/products/image_60_2.jpg',1,2,10,'2016-01-27 09:16:35');
insert into product_masters(id,product_id,color_id,size_id) values (46,6,5,1);
insert into product_masters(id,product_id,color_id,size_id) values (47,6,5,2);
insert into product_masters(id,product_id,color_id,size_id) values (48,6,5,3);
insert into product_masters(id,product_id,color_id,size_id) values (49,6,5,4);
insert into product_masters(id,product_id,color_id,size_id) values (50,6,5,5);
insert into product_color_images(id,product_id,color_id,date_created) values (11,6,6,'2016-08-08 09:31:22');
insert into images(id,image,status,type,product_color_image_id,date_created) values (31,'/img/products/image_61.jpg',1,1,11,'2016-08-08 09:31:22');
insert into images(id,image,status,type,product_color_image_id,date_created) values (32,'/img/products/image_61_1.jpg',1,2,11,'2016-08-08 09:31:22');
insert into images(id,image,status,type,product_color_image_id,date_created) values (33,'/img/products/image_61_2.jpg',1,2,11,'2016-08-08 09:31:22');
insert into product_masters(id,product_id,color_id,size_id) values (51,6,6,1);
insert into product_masters(id,product_id,color_id,size_id) values (52,6,6,2);
insert into product_masters(id,product_id,color_id,size_id) values (53,6,6,3);
insert into product_masters(id,product_id,color_id,size_id) values (54,6,6,4);
insert into product_masters(id,product_id,color_id,size_id) values (55,6,6,5);
insert into product_color_images(id,product_id,color_id,date_created) values (12,7,0,'2016-09-23 05:25:58');
insert into images(id,image,status,type,product_color_image_id,date_created) values (34,'/img/products/image_70.jpg',1,1,12,'2016-09-23 05:25:58');
insert into images(id,image,status,type,product_color_image_id,date_created) values (35,'/img/products/image_70_1.jpg',1,2,12,'2016-09-23 05:25:58');
insert into images(id,image,status,type,product_color_image_id,date_created) values (36,'/img/products/image_70_2.jpg',1,2,12,'2016-09-23 05:25:58');
insert into product_masters(id,product_id,color_id,size_id) values (56,7,0,1);
insert into product_masters(id,product_id,color_id,size_id) values (57,7,0,2);
insert into product_masters(id,product_id,color_id,size_id) values (58,7,0,3);
insert into product_masters(id,product_id,color_id,size_id) values (59,7,0,4);
insert into product_masters(id,product_id,color_id,size_id) values (60,7,0,5);
insert into product_color_images(id,product_id,color_id,date_created) values (13,8,1,'2017-03-12 15:41:44');
insert into images(id,image,status,type,product_color_image_id,date_created) values (37,'/img/products/image_80.jpg',1,1,13,'2017-03-12 15:41:44');
insert into images(id,image,status,type,product_color_image_id,date_created) values (38,'/img/products/image_80_1.jpg',1,2,13,'2017-03-12 15:41:44');
insert into images(id,image,status,type,product_color_image_id,date_created) values (39,'/img/products/image_80_2.jpg',1,2,13,'2017-03-12 15:41:44');
insert into product_masters(id,product_id,color_id,size_id) values (61,8,1,1);
insert into product_masters(id,product_id,color_id,size_id) values (62,8,1,2);
insert into product_masters(id,product_id,color_id,size_id) values (63,8,1,3);
insert into product_masters(id,product_id,color_id,size_id) values (64,8,1,4);
insert into product_masters(id,product_id,color_id,size_id) values (65,8,1,5);
insert into product_color_images(id,product_id,color_id,date_created) values (14,9,1,'2016-08-21 07:03:49');
insert into images(id,image,status,type,product_color_image_id,date_created) values (40,'/img/products/image_90.jpg',1,1,14,'2016-08-21 07:03:49');
insert into images(id,image,status,type,product_color_image_id,date_created) values (41,'/img/products/image_90_1.jpg',1,2,14,'2016-08-21 07:03:49');
insert into images(id,image,status,type,product_color_image_id,date_created) values (42,'/img/products/image_90_2.jpg',1,2,14,'2016-08-21 07:03:49');
insert into product_masters(id,product_id,color_id,size_id) values (66,9,1,1);
insert into product_masters(id,product_id,color_id,size_id) values (67,9,1,2);
insert into product_masters(id,product_id,color_id,size_id) values (68,9,1,3);
insert into product_masters(id,product_id,color_id,size_id) values (69,9,1,4);
insert into product_masters(id,product_id,color_id,size_id) values (70,9,1,5);
insert into product_color_images(id,product_id,color_id,date_created) values (15,9,4,'2016-05-20 03:59:25');
insert into images(id,image,status,type,product_color_image_id,date_created) values (43,'/img/products/image_91.jpg',1,1,15,'2016-05-20 03:59:25');
insert into images(id,image,status,type,product_color_image_id,date_created) values (44,'/img/products/image_91_1.jpg',1,2,15,'2016-05-20 03:59:25');
insert into images(id,image,status,type,product_color_image_id,date_created) values (45,'/img/products/image_91_2.jpg',1,2,15,'2016-05-20 03:59:25');
insert into product_masters(id,product_id,color_id,size_id) values (71,9,4,1);
insert into product_masters(id,product_id,color_id,size_id) values (72,9,4,2);
insert into product_masters(id,product_id,color_id,size_id) values (73,9,4,3);
insert into product_masters(id,product_id,color_id,size_id) values (74,9,4,4);
insert into product_masters(id,product_id,color_id,size_id) values (75,9,4,5);
insert into product_color_images(id,product_id,color_id,date_created) values (16,10,0,'2016-10-29 15:50:32');
insert into images(id,image,status,type,product_color_image_id,date_created) values (46,'/img/products/image_100.jpg',1,1,16,'2016-10-29 15:50:32');
insert into images(id,image,status,type,product_color_image_id,date_created) values (47,'/img/products/image_100_1.jpg',1,2,16,'2016-10-29 15:50:32');
insert into images(id,image,status,type,product_color_image_id,date_created) values (48,'/img/products/image_100_2.jpg',1,2,16,'2016-10-29 15:50:32');
insert into product_masters(id,product_id,color_id,size_id) values (76,10,0,1);
insert into product_masters(id,product_id,color_id,size_id) values (77,10,0,2);
insert into product_masters(id,product_id,color_id,size_id) values (78,10,0,3);
insert into product_masters(id,product_id,color_id,size_id) values (79,10,0,4);
insert into product_masters(id,product_id,color_id,size_id) values (80,10,0,5);
insert into product_color_images(id,product_id,color_id,date_created) values (17,10,4,'2016-11-04 20:22:00');
insert into images(id,image,status,type,product_color_image_id,date_created) values (49,'/img/products/image_101.jpg',1,1,17,'2016-11-04 20:22:00');
insert into images(id,image,status,type,product_color_image_id,date_created) values (50,'/img/products/image_101_1.jpg',1,2,17,'2016-11-04 20:22:00');
insert into images(id,image,status,type,product_color_image_id,date_created) values (51,'/img/products/image_101_2.jpg',1,2,17,'2016-11-04 20:22:00');
insert into product_masters(id,product_id,color_id,size_id) values (81,10,4,1);
insert into product_masters(id,product_id,color_id,size_id) values (82,10,4,2);
insert into product_masters(id,product_id,color_id,size_id) values (83,10,4,3);
insert into product_masters(id,product_id,color_id,size_id) values (84,10,4,4);
insert into product_masters(id,product_id,color_id,size_id) values (85,10,4,5);
insert into product_color_images(id,product_id,color_id,date_created) values (18,10,5,'2016-12-31 10:10:10');
insert into images(id,image,status,type,product_color_image_id,date_created) values (52,'/img/products/image_102.jpg',1,1,18,'2016-12-31 10:10:10');
insert into images(id,image,status,type,product_color_image_id,date_created) values (53,'/img/products/image_102_1.jpg',1,2,18,'2016-12-31 10:10:10');
insert into images(id,image,status,type,product_color_image_id,date_created) values (54,'/img/products/image_102_2.jpg',1,2,18,'2016-12-31 10:10:10');
insert into product_masters(id,product_id,color_id,size_id) values (86,10,5,1);
insert into product_masters(id,product_id,color_id,size_id) values (87,10,5,2);
insert into product_masters(id,product_id,color_id,size_id) values (88,10,5,3);
insert into product_masters(id,product_id,color_id,size_id) values (89,10,5,4);
insert into product_masters(id,product_id,color_id,size_id) values (90,10,5,5);
insert into product_color_images(id,product_id,color_id,date_created) values (19,11,0,'2017-03-12 05:12:30');
insert into images(id,image,status,type,product_color_image_id,date_created) values (55,'/img/products/image_110.jpg',1,1,19,'2017-03-12 05:12:30');
insert into images(id,image,status,type,product_color_image_id,date_created) values (56,'/img/products/image_110_1.jpg',1,2,19,'2017-03-12 05:12:30');
insert into images(id,image,status,type,product_color_image_id,date_created) values (57,'/img/products/image_110_2.jpg',1,2,19,'2017-03-12 05:12:30');
insert into product_masters(id,product_id,color_id,size_id) values (91,11,0,1);
insert into product_masters(id,product_id,color_id,size_id) values (92,11,0,2);
insert into product_masters(id,product_id,color_id,size_id) values (93,11,0,3);
insert into product_masters(id,product_id,color_id,size_id) values (94,11,0,4);
insert into product_masters(id,product_id,color_id,size_id) values (95,11,0,5);
insert into product_color_images(id,product_id,color_id,date_created) values (20,11,3,'2017-05-09 08:30:16');
insert into images(id,image,status,type,product_color_image_id,date_created) values (58,'/img/products/image_111.jpg',1,1,20,'2017-05-09 08:30:16');
insert into images(id,image,status,type,product_color_image_id,date_created) values (59,'/img/products/image_111_1.jpg',1,2,20,'2017-05-09 08:30:16');
insert into images(id,image,status,type,product_color_image_id,date_created) values (60,'/img/products/image_111_2.jpg',1,2,20,'2017-05-09 08:30:16');
insert into product_masters(id,product_id,color_id,size_id) values (96,11,3,1);
insert into product_masters(id,product_id,color_id,size_id) values (97,11,3,2);
insert into product_masters(id,product_id,color_id,size_id) values (98,11,3,3);
insert into product_masters(id,product_id,color_id,size_id) values (99,11,3,4);
insert into product_masters(id,product_id,color_id,size_id) values (100,11,3,5);
insert into product_color_images(id,product_id,color_id,date_created) values (21,12,5,'2016-02-16 05:36:21');
insert into images(id,image,status,type,product_color_image_id,date_created) values (61,'/img/products/image_120.jpg',1,1,21,'2016-02-16 05:36:21');
insert into images(id,image,status,type,product_color_image_id,date_created) values (62,'/img/products/image_120_1.jpg',1,2,21,'2016-02-16 05:36:21');
insert into images(id,image,status,type,product_color_image_id,date_created) values (63,'/img/products/image_120_2.jpg',1,2,21,'2016-02-16 05:36:21');
insert into product_masters(id,product_id,color_id,size_id) values (101,12,5,1);
insert into product_masters(id,product_id,color_id,size_id) values (102,12,5,2);
insert into product_masters(id,product_id,color_id,size_id) values (103,12,5,3);
insert into product_masters(id,product_id,color_id,size_id) values (104,12,5,4);
insert into product_masters(id,product_id,color_id,size_id) values (105,12,5,5);
insert into product_color_images(id,product_id,color_id,date_created) values (22,12,6,'2017-07-21 07:05:46');
insert into images(id,image,status,type,product_color_image_id,date_created) values (64,'/img/products/image_121.jpg',1,1,22,'2017-07-21 07:05:46');
insert into images(id,image,status,type,product_color_image_id,date_created) values (65,'/img/products/image_121_1.jpg',1,2,22,'2017-07-21 07:05:46');
insert into images(id,image,status,type,product_color_image_id,date_created) values (66,'/img/products/image_121_2.jpg',1,2,22,'2017-07-21 07:05:46');
insert into product_masters(id,product_id,color_id,size_id) values (106,12,6,1);
insert into product_masters(id,product_id,color_id,size_id) values (107,12,6,2);
insert into product_masters(id,product_id,color_id,size_id) values (108,12,6,3);
insert into product_masters(id,product_id,color_id,size_id) values (109,12,6,4);
insert into product_masters(id,product_id,color_id,size_id) values (110,12,6,5);
insert into product_color_images(id,product_id,color_id,date_created) values (23,13,0,'2017-04-13 06:49:14');
insert into images(id,image,status,type,product_color_image_id,date_created) values (67,'/img/products/image_130.jpg',1,1,23,'2017-04-13 06:49:14');
insert into images(id,image,status,type,product_color_image_id,date_created) values (68,'/img/products/image_130_1.jpg',1,2,23,'2017-04-13 06:49:14');
insert into images(id,image,status,type,product_color_image_id,date_created) values (69,'/img/products/image_130_2.jpg',1,2,23,'2017-04-13 06:49:14');
insert into product_masters(id,product_id,color_id,size_id) values (111,13,0,1);
insert into product_masters(id,product_id,color_id,size_id) values (112,13,0,2);
insert into product_masters(id,product_id,color_id,size_id) values (113,13,0,3);
insert into product_masters(id,product_id,color_id,size_id) values (114,13,0,4);
insert into product_masters(id,product_id,color_id,size_id) values (115,13,0,5);
insert into product_color_images(id,product_id,color_id,date_created) values (24,14,1,'2016-06-12 19:55:22');
insert into images(id,image,status,type,product_color_image_id,date_created) values (70,'/img/products/image_140.jpg',1,1,24,'2016-06-12 19:55:22');
insert into images(id,image,status,type,product_color_image_id,date_created) values (71,'/img/products/image_140_1.jpg',1,2,24,'2016-06-12 19:55:22');
insert into images(id,image,status,type,product_color_image_id,date_created) values (72,'/img/products/image_140_2.jpg',1,2,24,'2016-06-12 19:55:22');
insert into product_masters(id,product_id,color_id,size_id) values (116,14,1,1);
insert into product_masters(id,product_id,color_id,size_id) values (117,14,1,2);
insert into product_masters(id,product_id,color_id,size_id) values (118,14,1,3);
insert into product_masters(id,product_id,color_id,size_id) values (119,14,1,4);
insert into product_masters(id,product_id,color_id,size_id) values (120,14,1,5);
insert into product_color_images(id,product_id,color_id,date_created) values (25,15,1,'2016-10-30 19:05:13');
insert into images(id,image,status,type,product_color_image_id,date_created) values (73,'/img/products/image_150.jpg',1,1,25,'2016-10-30 19:05:13');
insert into images(id,image,status,type,product_color_image_id,date_created) values (74,'/img/products/image_150_1.jpg',1,2,25,'2016-10-30 19:05:13');
insert into images(id,image,status,type,product_color_image_id,date_created) values (75,'/img/products/image_150_2.jpg',1,2,25,'2016-10-30 19:05:13');
insert into product_masters(id,product_id,color_id,size_id) values (121,15,1,1);
insert into product_masters(id,product_id,color_id,size_id) values (122,15,1,2);
insert into product_masters(id,product_id,color_id,size_id) values (123,15,1,3);
insert into product_masters(id,product_id,color_id,size_id) values (124,15,1,4);
insert into product_masters(id,product_id,color_id,size_id) values (125,15,1,5);
insert into product_color_images(id,product_id,color_id,date_created) values (26,15,4,'2016-06-10 11:57:10');
insert into images(id,image,status,type,product_color_image_id,date_created) values (76,'/img/products/image_151.jpg',1,1,26,'2016-06-10 11:57:10');
insert into images(id,image,status,type,product_color_image_id,date_created) values (77,'/img/products/image_151_1.jpg',1,2,26,'2016-06-10 11:57:10');
insert into images(id,image,status,type,product_color_image_id,date_created) values (78,'/img/products/image_151_2.jpg',1,2,26,'2016-06-10 11:57:10');
insert into product_masters(id,product_id,color_id,size_id) values (126,15,4,1);
insert into product_masters(id,product_id,color_id,size_id) values (127,15,4,2);
insert into product_masters(id,product_id,color_id,size_id) values (128,15,4,3);
insert into product_masters(id,product_id,color_id,size_id) values (129,15,4,4);
insert into product_masters(id,product_id,color_id,size_id) values (130,15,4,5);
insert into product_color_images(id,product_id,color_id,date_created) values (27,16,0,'2017-04-25 00:40:37');
insert into images(id,image,status,type,product_color_image_id,date_created) values (79,'/img/products/image_160.jpg',1,1,27,'2017-04-25 00:40:37');
insert into images(id,image,status,type,product_color_image_id,date_created) values (80,'/img/products/image_160_1.jpg',1,2,27,'2017-04-25 00:40:37');
insert into images(id,image,status,type,product_color_image_id,date_created) values (81,'/img/products/image_160_2.jpg',1,2,27,'2017-04-25 00:40:37');
insert into product_masters(id,product_id,color_id,size_id) values (131,16,0,1);
insert into product_masters(id,product_id,color_id,size_id) values (132,16,0,2);
insert into product_masters(id,product_id,color_id,size_id) values (133,16,0,3);
insert into product_masters(id,product_id,color_id,size_id) values (134,16,0,4);
insert into product_masters(id,product_id,color_id,size_id) values (135,16,0,5);
insert into product_color_images(id,product_id,color_id,date_created) values (28,16,4,'2017-04-24 00:49:46');
insert into images(id,image,status,type,product_color_image_id,date_created) values (82,'/img/products/image_161.jpg',1,1,28,'2017-04-24 00:49:46');
insert into images(id,image,status,type,product_color_image_id,date_created) values (83,'/img/products/image_161_1.jpg',1,2,28,'2017-04-24 00:49:46');
insert into images(id,image,status,type,product_color_image_id,date_created) values (84,'/img/products/image_161_2.jpg',1,2,28,'2017-04-24 00:49:46');
insert into product_masters(id,product_id,color_id,size_id) values (136,16,4,1);
insert into product_masters(id,product_id,color_id,size_id) values (137,16,4,2);
insert into product_masters(id,product_id,color_id,size_id) values (138,16,4,3);
insert into product_masters(id,product_id,color_id,size_id) values (139,16,4,4);
insert into product_masters(id,product_id,color_id,size_id) values (140,16,4,5);
insert into product_color_images(id,product_id,color_id,date_created) values (29,16,5,'2016-02-20 01:16:40');
insert into images(id,image,status,type,product_color_image_id,date_created) values (85,'/img/products/image_162.jpg',1,1,29,'2016-02-20 01:16:40');
insert into images(id,image,status,type,product_color_image_id,date_created) values (86,'/img/products/image_162_1.jpg',1,2,29,'2016-02-20 01:16:40');
insert into images(id,image,status,type,product_color_image_id,date_created) values (87,'/img/products/image_162_2.jpg',1,2,29,'2016-02-20 01:16:40');
insert into product_masters(id,product_id,color_id,size_id) values (141,16,5,1);
insert into product_masters(id,product_id,color_id,size_id) values (142,16,5,2);
insert into product_masters(id,product_id,color_id,size_id) values (143,16,5,3);
insert into product_masters(id,product_id,color_id,size_id) values (144,16,5,4);
insert into product_masters(id,product_id,color_id,size_id) values (145,16,5,5);
insert into product_color_images(id,product_id,color_id,date_created) values (30,17,0,'2016-01-08 11:50:41');
insert into images(id,image,status,type,product_color_image_id,date_created) values (88,'/img/products/image_170.jpg',1,1,30,'2016-01-08 11:50:41');
insert into images(id,image,status,type,product_color_image_id,date_created) values (89,'/img/products/image_170_1.jpg',1,2,30,'2016-01-08 11:50:41');
insert into images(id,image,status,type,product_color_image_id,date_created) values (90,'/img/products/image_170_2.jpg',1,2,30,'2016-01-08 11:50:41');
insert into product_masters(id,product_id,color_id,size_id) values (146,17,0,1);
insert into product_masters(id,product_id,color_id,size_id) values (147,17,0,2);
insert into product_masters(id,product_id,color_id,size_id) values (148,17,0,3);
insert into product_masters(id,product_id,color_id,size_id) values (149,17,0,4);
insert into product_masters(id,product_id,color_id,size_id) values (150,17,0,5);
insert into product_color_images(id,product_id,color_id,date_created) values (31,17,3,'2016-12-15 15:55:52');
insert into images(id,image,status,type,product_color_image_id,date_created) values (91,'/img/products/image_171.jpg',1,1,31,'2016-12-15 15:55:52');
insert into images(id,image,status,type,product_color_image_id,date_created) values (92,'/img/products/image_171_1.jpg',1,2,31,'2016-12-15 15:55:52');
insert into images(id,image,status,type,product_color_image_id,date_created) values (93,'/img/products/image_171_2.jpg',1,2,31,'2016-12-15 15:55:52');
insert into product_masters(id,product_id,color_id,size_id) values (151,17,3,1);
insert into product_masters(id,product_id,color_id,size_id) values (152,17,3,2);
insert into product_masters(id,product_id,color_id,size_id) values (153,17,3,3);
insert into product_masters(id,product_id,color_id,size_id) values (154,17,3,4);
insert into product_masters(id,product_id,color_id,size_id) values (155,17,3,5);
insert into product_color_images(id,product_id,color_id,date_created) values (32,18,5,'2017-04-23 17:08:29');
insert into images(id,image,status,type,product_color_image_id,date_created) values (94,'/img/products/image_180.jpg',1,1,32,'2017-04-23 17:08:29');
insert into images(id,image,status,type,product_color_image_id,date_created) values (95,'/img/products/image_180_1.jpg',1,2,32,'2017-04-23 17:08:29');
insert into images(id,image,status,type,product_color_image_id,date_created) values (96,'/img/products/image_180_2.jpg',1,2,32,'2017-04-23 17:08:29');
insert into product_masters(id,product_id,color_id,size_id) values (156,18,5,1);
insert into product_masters(id,product_id,color_id,size_id) values (157,18,5,2);
insert into product_masters(id,product_id,color_id,size_id) values (158,18,5,3);
insert into product_masters(id,product_id,color_id,size_id) values (159,18,5,4);
insert into product_masters(id,product_id,color_id,size_id) values (160,18,5,5);
insert into product_color_images(id,product_id,color_id,date_created) values (33,18,6,'2016-03-03 09:24:48');
insert into images(id,image,status,type,product_color_image_id,date_created) values (97,'/img/products/image_181.jpg',1,1,33,'2016-03-03 09:24:48');
insert into images(id,image,status,type,product_color_image_id,date_created) values (98,'/img/products/image_181_1.jpg',1,2,33,'2016-03-03 09:24:48');
insert into images(id,image,status,type,product_color_image_id,date_created) values (99,'/img/products/image_181_2.jpg',1,2,33,'2016-03-03 09:24:48');
insert into product_masters(id,product_id,color_id,size_id) values (161,18,6,1);
insert into product_masters(id,product_id,color_id,size_id) values (162,18,6,2);
insert into product_masters(id,product_id,color_id,size_id) values (163,18,6,3);
insert into product_masters(id,product_id,color_id,size_id) values (164,18,6,4);
insert into product_masters(id,product_id,color_id,size_id) values (165,18,6,5);
insert into sale_programs(id,name,date_start,date_end,date_created,status) values (1,'yama no hi','2017-09-09','2017-10-09','2017-09-08',0);
insert into sales(id,product_id,sale_program_id,sale,date_created) values (1,11,1,10,'2017-09-15');
insert into sales(id,product_id,sale_program_id,sale,date_created) values (2,1,1,10,'2017-09-15');
insert into sales(id,product_id,sale_program_id,sale,date_created) values (3,4,1,10,'2017-09-15');
insert into sales(id,product_id,sale_program_id,sale,date_created) values (4,6,1,10,'2017-09-15');
insert into sales(id,product_id,sale_program_id,sale,date_created) values (5,7,1,10,'2017-09-15');
insert into sales(id,product_id,sale_program_id,sale,date_created) values (6,8,1,10,'2017-09-15');
insert into sale_programs(id,name,date_start,date_end,date_created,status) values (2,'mizu no hi','2017-09-09','2017-10-09','2017-09-08',0);
insert into sales(id,product_id,sale_program_id,sale,date_created) values (7,15,2,20,'2017-09-15');
insert into sales(id,product_id,sale_program_id,sale,date_created) values (8,14,2,20,'2017-09-15');
insert into sales(id,product_id,sale_program_id,sale,date_created) values (9,10,2,20,'2017-09-15');
insert into sales(id,product_id,sale_program_id,sale,date_created) values (10,2,2,20,'2017-09-15');
insert into sales(id,product_id,sale_program_id,sale,date_created) values (11,7,2,20,'2017-09-15');
insert into sales(id,product_id,sale_program_id,sale,date_created) values (12,8,2,20,'2017-09-15');
insert into sale_programs(id,name,date_start,date_end,date_created,status) values (3,'keirou no hi','2017-09-09','2017-10-09','2017-09-08',0);
insert into sales(id,product_id,sale_program_id,sale,date_created) values (13,16,3,25,'2017-09-15');
insert into sales(id,product_id,sale_program_id,sale,date_created) values (14,17,3,25,'2017-09-15');
insert into sales(id,product_id,sale_program_id,sale,date_created) values (15,11,3,25,'2017-09-15');
insert into sales(id,product_id,sale_program_id,sale,date_created) values (16,6,3,25,'2017-09-15');
insert into sales(id,product_id,sale_program_id,sale,date_created) values (17,7,3,25,'2017-09-15');
insert into sales(id,product_id,sale_program_id,sale,date_created) values (18,12,3,25,'2017-09-15');
insert into sale_programs(id,name,date_start,date_end,date_created,status) values (4,'midori no hi','2017-09-09','2017-10-09','2017-09-08',0);
insert into sales(id,product_id,sale_program_id,sale,date_created) values (19,1,4,15,'2017-09-15');
insert into sales(id,product_id,sale_program_id,sale,date_created) values (20,8,4,15,'2017-09-15');
insert into sales(id,product_id,sale_program_id,sale,date_created) values (21,9,4,15,'2017-09-15');
insert into sales(id,product_id,sale_program_id,sale,date_created) values (22,6,4,15,'2017-09-15');
insert into sales(id,product_id,sale_program_id,sale,date_created) values (23,4,4,15,'2017-09-15');
insert into sales(id,product_id,sale_program_id,sale,date_created) values (24,3,4,15,'2017-09-15');
insert into sale_programs(id,name,date_start,date_end,date_created,status) values (5,'ganjitsu','2017-09-09','2017-10-09','2017-09-08',0);
insert into sales(id,product_id,sale_program_id,sale,date_created) values (25,16,5,50,'2017-09-15');
insert into sales(id,product_id,sale_program_id,sale,date_created) values (26,15,5,50,'2017-09-15');
insert into sales(id,product_id,sale_program_id,sale,date_created) values (27,14,5,50,'2017-09-15');
insert into sales(id,product_id,sale_program_id,sale,date_created) values (28,13,5,50,'2017-09-15');
insert into sales(id,product_id,sale_program_id,sale,date_created) values (29,12,5,50,'2017-09-15');
insert into sales(id,product_id,sale_program_id,sale,date_created) values (30,8,5,50,'2017-09-15');
insert into sale_programs(id,name,date_start,date_end,date_created,status) values (6,'taiiku no hi','2017-09-09','2017-10-09','2017-09-08',0);
insert into sales(id,product_id,sale_program_id,sale,date_created) values (31,4,6,30,'2017-09-15');
insert into sales(id,product_id,sale_program_id,sale,date_created) values (32,5,6,30,'2017-09-15');
insert into sales(id,product_id,sale_program_id,sale,date_created) values (33,6,6,30,'2017-09-15');
insert into sales(id,product_id,sale_program_id,sale,date_created) values (34,7,6,30,'2017-09-15');
insert into sales(id,product_id,sale_program_id,sale,date_created) values (35,8,6,30,'2017-09-15');
insert into sales(id,product_id,sale_program_id,sale,date_created) values (36,11,6,30,'2017-09-15');
insert into sale_programs(id,name,date_start,date_end,date_created,status) values (7,'syuumatsu no hi','2017-09-09','2017-10-09','2017-09-08',0);
insert into sales(id,product_id,sale_program_id,sale,date_created) values (37,3,7,35,'2017-09-15');
insert into sales(id,product_id,sale_program_id,sale,date_created) values (38,8,7,35,'2017-09-15');
insert into sale_programs(id,name,date_start,date_end,date_created,status) values (8,'sinnen','2017-09-09','2017-10-09','2017-09-08',0);
insert into sales(id,product_id,sale_program_id,sale,date_created) values (39,1,8,40,'2017-09-15');
insert into sales(id,product_id,sale_program_id,sale,date_created) values (40,4,8,40,'2017-09-15');
insert into sales(id,product_id,sale_program_id,sale,date_created) values (41,6,8,40,'2017-09-15');
insert into sales(id,product_id,sale_program_id,sale,date_created) values (42,12,8,40,'2017-09-15');
insert into sales(id,product_id,sale_program_id,sale,date_created) values (43,13,8,40,'2017-09-15');
insert into keywords(id,keyword,date_created) values (1,'man','2017-09-08');
insert into product_keywords(id,keyword_id,product_id) values (1,1,1);
insert into product_keywords(id,keyword_id,product_id) values (2,1,3);
insert into product_keywords(id,keyword_id,product_id) values (3,1,4);
insert into product_keywords(id,keyword_id,product_id) values (4,1,5);
insert into product_keywords(id,keyword_id,product_id) values (5,1,6);
insert into product_keywords(id,keyword_id,product_id) values (6,1,7);
insert into product_keywords(id,keyword_id,product_id) values (7,1,8);
insert into product_keywords(id,keyword_id,product_id) values (8,1,9);
insert into product_keywords(id,keyword_id,product_id) values (9,1,10);
insert into keywords(id,keyword,date_created) values (2,'woman','2017-09-08');
insert into product_keywords(id,keyword_id,product_id) values (10,2,1);
insert into product_keywords(id,keyword_id,product_id) values (11,2,3);
insert into product_keywords(id,keyword_id,product_id) values (12,2,4);
insert into product_keywords(id,keyword_id,product_id) values (13,2,5);
insert into product_keywords(id,keyword_id,product_id) values (14,2,6);
insert into product_keywords(id,keyword_id,product_id) values (15,2,7);
insert into product_keywords(id,keyword_id,product_id) values (16,2,8);
insert into product_keywords(id,keyword_id,product_id) values (17,2,9);
insert into product_keywords(id,keyword_id,product_id) values (18,2,10);
insert into keywords(id,keyword,date_created) values (3,'yasui','2017-09-08');
insert into product_keywords(id,keyword_id,product_id) values (19,3,1);
insert into product_keywords(id,keyword_id,product_id) values (20,3,3);
insert into product_keywords(id,keyword_id,product_id) values (21,3,4);
insert into product_keywords(id,keyword_id,product_id) values (22,3,5);
insert into product_keywords(id,keyword_id,product_id) values (23,3,6);
insert into product_keywords(id,keyword_id,product_id) values (24,3,7);
insert into product_keywords(id,keyword_id,product_id) values (25,3,8);
insert into product_keywords(id,keyword_id,product_id) values (26,3,9);
insert into product_keywords(id,keyword_id,product_id) values (27,3,10);
insert into keywords(id,keyword,date_created) values (4,'takai','2017-09-08');
insert into product_keywords(id,keyword_id,product_id) values (28,4,1);
insert into product_keywords(id,keyword_id,product_id) values (29,4,3);
insert into product_keywords(id,keyword_id,product_id) values (30,4,4);
insert into product_keywords(id,keyword_id,product_id) values (31,4,5);
insert into product_keywords(id,keyword_id,product_id) values (32,4,6);
insert into product_keywords(id,keyword_id,product_id) values (33,4,7);
insert into product_keywords(id,keyword_id,product_id) values (34,4,8);
insert into product_keywords(id,keyword_id,product_id) values (35,4,9);
insert into product_keywords(id,keyword_id,product_id) values (36,4,10);
insert into keywords(id,keyword,date_created) values (5,'new','2017-09-08');
insert into product_keywords(id,keyword_id,product_id) values (37,5,1);
insert into product_keywords(id,keyword_id,product_id) values (38,5,3);
insert into product_keywords(id,keyword_id,product_id) values (39,5,4);
insert into product_keywords(id,keyword_id,product_id) values (40,5,5);
insert into product_keywords(id,keyword_id,product_id) values (41,5,6);
insert into product_keywords(id,keyword_id,product_id) values (42,5,7);
insert into product_keywords(id,keyword_id,product_id) values (43,5,8);
insert into product_keywords(id,keyword_id,product_id) values (44,5,9);
insert into product_keywords(id,keyword_id,product_id) values (45,5,10);
insert into keywords(id,keyword,date_created) values (6,'fashion','2017-09-08');
insert into product_keywords(id,keyword_id,product_id) values (46,6,1);
insert into product_keywords(id,keyword_id,product_id) values (47,6,3);
insert into product_keywords(id,keyword_id,product_id) values (48,6,4);
insert into product_keywords(id,keyword_id,product_id) values (49,6,5);
insert into product_keywords(id,keyword_id,product_id) values (50,6,6);
insert into product_keywords(id,keyword_id,product_id) values (51,6,7);
insert into product_keywords(id,keyword_id,product_id) values (52,6,8);
insert into product_keywords(id,keyword_id,product_id) values (53,6,9);
insert into product_keywords(id,keyword_id,product_id) values (54,6,10);
insert into keywords(id,keyword,date_created) values (7,'best','2017-09-08');
insert into product_keywords(id,keyword_id,product_id) values (55,7,1);
insert into product_keywords(id,keyword_id,product_id) values (56,7,3);
insert into product_keywords(id,keyword_id,product_id) values (57,7,4);
insert into product_keywords(id,keyword_id,product_id) values (58,7,5);
insert into product_keywords(id,keyword_id,product_id) values (59,7,6);
insert into product_keywords(id,keyword_id,product_id) values (60,7,7);
insert into product_keywords(id,keyword_id,product_id) values (61,7,8);
insert into product_keywords(id,keyword_id,product_id) values (62,7,9);
insert into product_keywords(id,keyword_id,product_id) values (63,7,10);
